Groom_ID,Income,Land,EmploymentType,Profession,Dahej
G0001,99610,6.0,Private,Businessman,2196100
G0002,121753,6.6,Government,CA,3933171
G0003,25986,8.21,Government,CA,2947883
G0004,147966,6.32,Private,Doctor,3566758
G0005,53065,7.74,Government,CA,3221907
G0006,80481,7.75,Private,Businessman,2354810
G0007,44479,5.62,Government,Engineer,2510064
G0008,59496,0.07,Government,Lawyer,913440
G0009,103375,7.39,Private,Doctor,3265275
G0010,34805,2.42,Government,Doctor,1414485
G0011,63283,9.48,Private,Businessman,2528830
G0012,45391,3.77,Government,Businessman,1691074
G0013,114030,6.03,Private,Lawyer,2580930
G0014,141344,1.97,Private,Other,1807440
G0015,62147,4.37,Private,Businessman,1495470
G0016,43817,0.22,Private,CA,554495
G0017,29012,4.62,Private,Teacher,1214120
G0018,146204,6.48,Government,Teacher,3861255
G0019,39080,2.4,Government,CA,1349739
G0020,148810,1.2,Private,CA,1987314
G0021,53121,1.94,Private,Businessman,919210
G0022,108901,7.35,Private,CA,2942861
G0023,102194,1.71,Government,Lawyer,2045910
G0024,33408,6.32,Private,Businessman,1598080
G0025,39585,4.53,Private,Teacher,1301850
G0026,56234,0.7,Private,Other,702340
G0027,138453,4.71,Government,Doctor,3955101
G0028,67006,5.99,Government,Businessman,2615284
G0029,50327,9.97,Private,Lawyer,2746997
G0030,27368,3.88,Government,Engineer,1679487
G0031,136448,5.51,Government,Doctor,4193016
G0032,105473,3.84,Government,Engineer,2916367
G0033,105263,7.76,Government,Businessman,3646482
G0034,129332,1.55,Private,Businessman,1603320
G0035,33092,6.23,Private,Lawyer,1734612
G0036,135461,0.99,Private,Lawyer,1707871
G0037,59200,6.76,Private,Doctor,2527200
G0038,75345,2.38,Private,Other,1229450
G0039,87798,4.43,Private,Other,1763980
G0040,37644,0.67,Private,Lawyer,561484
G0041,94862,7.04,Private,CA,2710113
G0042,86652,4.71,Government,Businessman,2531928
G0043,93392,8.07,Government,Lawyer,3821880
G0044,83217,9.74,Private,Teacher,2780170
G0045,131693,1.52,Government,CA,2512441
G0046,121465,0.3,Government,CA,1975707
G0047,123351,3.75,Government,Businessman,2776914
G0048,93642,2.31,Private,Teacher,1398420
G0049,25216,8.06,Private,Engineer,2236992
G0050,141314,1.47,Private,CA,1963210
G0051,132115,7.25,Private,Other,2771150
G0052,54636,4.81,Government,Engineer,2413376
G0053,91739,8.71,Private,Businessman,2659390
G0054,102868,0.14,Private,CA,1215182
G0055,70854,0.28,Private,CA,879220
G0056,27271,9.94,Private,Teacher,2260710
G0057,66343,7.49,Government,Lawyer,3242145
G0058,143904,5.3,Government,Engineer,3998463
G0059,85812,3.58,Private,Lawyer,1731532
G0060,115299,3.82,Government,Doctor,3258883
G0061,51730,4.71,Government,Other,2043019
G0062,86268,5.37,Private,Other,1936680
G0063,34697,0.68,Government,Engineer,772751
G0064,64779,5.48,Government,Teacher,2441306
G0065,82361,2.52,Private,Doctor,1725893
G0066,57120,6.61,Private,Businessman,1893200
G0067,97411,9.12,Private,Doctor,3637543
G0068,87955,7.8,Government,Teacher,3415370
G0069,61298,6.39,Government,Teacher,2647372
G0070,72042,3.98,Private,Businessman,1516420
G0071,46641,0.46,Government,Engineer,893455
G0072,108312,3.26,Government,Engineer,2776192
G0073,95004,4.08,Private,Businessman,1766040
G0074,134597,8.66,Government,CA,4770853
G0075,119934,6.36,Government,CA,3830576
G0076,76291,0.93,Government,Teacher,1328474
G0077,140889,9.22,Private,Doctor,4228757
G0078,142359,4.26,Private,CA,2616928
G0079,114143,4.36,Private,Businessman,2013430
G0080,42363,5.47,Private,Doctor,1972919
G0081,21097,8.11,Private,Engineer,2199564
G0082,40665,4.01,Private,Lawyer,1329515
G0083,41542,8.34,Private,Lawyer,2291762
G0084,50617,1.26,Government,Lawyer,1137255
G0085,44253,2.0,Private,Teacher,842530
G0086,126468,2.64,Government,Teacher,2509752
G0087,69277,1.99,Private,Doctor,1418001
G0088,50191,1.89,Private,Other,879910
G0089,51258,2.78,Government,Businessman,1496012
G0090,135952,4.94,Government,Businessman,3286528
G0091,128604,9.77,Government,Businessman,4536056
G0092,108773,3.05,Private,Engineer,2037276
G0093,110471,4.74,Private,Teacher,2052710
G0094,92909,5.77,Government,Teacher,2916326
G0095,56422,8.23,Government,Teacher,3094308
G0096,108944,5.81,Private,Lawyer,2476584
G0097,125978,1.47,Government,Lawyer,2330670
G0098,82959,0.82,Government,Businessman,1391026
G0099,96812,3.73,Private,Teacher,1714120
G0100,147351,1.41,Private,Businessman,1755510
G0101,34935,4.82,Private,CA,1510352
G0102,95561,2.99,Government,CA,2408095
G0103,124056,8.99,Government,Teacher,4253984
G0104,55297,3.63,Government,Doctor,2174249
G0105,44157,0.47,Private,Businessman,535570
G0106,130022,3.45,Government,Other,2786308
G0107,80647,4.42,Private,Lawyer,1859517
G0108,123814,8.23,Private,Doctor,3749382
G0109,57864,4.88,Government,Businessman,2176496
G0110,22460,3.02,Government,Lawyer,1242900
G0111,34706,9.41,Government,Doctor,3789402
G0112,88044,4.9,Government,Doctor,3162748
G0113,144872,4.51,Private,Other,2350720
G0114,82500,0.88,Government,Doctor,1701700
G0115,107267,7.8,Private,CA,3027570
G0116,32050,1.55,Private,CA,725075
G0117,55662,2.16,Government,Other,1384068
G0118,80627,4.34,Government,Lawyer,2511405
G0119,34079,7.99,Government,Businessman,2714306
G0120,141041,5.83,Private,Teacher,2576410
G0121,72738,4.41,Government,Other,2253132
G0122,89062,5.08,Private,CA,2192613
G0123,48610,9.75,Private,Doctor,3166930
G0124,133163,3.88,Government,Businessman,2950682
G0125,149887,9.75,Government,CA,5345748
G0126,55131,0.68,Private,Doctor,893503
G0127,136303,6.47,Government,Lawyer,3985545
G0128,109405,0.24,Government,Other,1598870
G0129,60872,2.65,Government,Businessman,1594208
G0130,54599,4.41,Government,Businessman,1999185
G0131,63291,9.59,Government,Businessman,3571274
G0132,28331,9.67,Private,Other,2217310
G0133,46356,2.9,Private,Lawyer,1147916
G0134,78803,6.68,Private,Other,2124030
G0135,125938,8.83,Private,Doctor,3932994
G0136,51419,1.36,Private,Businessman,786190
G0137,111209,5.74,Private,Lawyer,2486099
G0138,43432,9.64,Private,Other,2362320
G0139,117798,9.01,Private,Teacher,2979980
G0140,26712,1.7,Government,Other,849968
G0141,51743,3.53,Government,Other,1712802
G0142,32011,7.46,Government,Doctor,3080587
G0143,90169,9.93,Private,Engineer,3465228
G0144,100985,9.72,Private,Other,2953850
G0145,77912,9.4,Private,Other,2659120
G0146,148149,3.26,Government,Doctor,3626933
G0147,85661,1.13,Government,Engineer,1732175
G0148,149635,3.76,Private,Engineer,2698020
G0149,104409,5.77,Private,Lawyer,2417899
G0150,70689,7.01,Government,Businessman,2952446
G0151,127280,7.29,Government,Other,3823119
G0152,20750,7.17,Private,Businessman,1641500
G0153,65997,3.3,Government,Doctor,2243949
G0154,58109,4.86,Government,Lawyer,2329635
G0155,86198,2.37,Government,Teacher,1870371
G0156,115736,9.71,Private,CA,3564263
G0157,123791,0.42,Government,Doctor,2247247
G0158,41880,6.69,Private,Engineer,2108160
G0159,45913,2.35,Government,CA,1440151
G0160,29042,6.25,Private,Lawyer,1694462
G0161,112524,6.48,Government,Lawyer,3631860
G0162,21571,3.64,Government,CA,1462750
G0163,62066,8.58,Private,Engineer,2803992
G0164,107585,0.74,Government,Businessman,1713390
G0165,34455,7.31,Private,Lawyer,1987205
G0166,141047,4.2,Private,Teacher,2250470
G0167,51119,9.76,Private,Doctor,3202147
G0168,92691,9.3,Private,Doctor,3622983
G0169,112728,0.14,Government,Other,1617392
G0170,144429,6.89,Private,CA,3245633
G0171,25635,5.43,Government,Businessman,1879289
G0172,40134,2.48,Private,Other,897340
G0173,125987,8.05,Government,Engineer,4591792
G0174,80487,7.33,Government,CA,3519848
G0175,99517,2.62,Government,Lawyer,2278755
G0176,20567,4.84,Private,Teacher,1173670
G0177,108814,8.52,Private,Businessman,2792140
G0178,126424,8.55,Private,Teacher,2974240
G0179,35725,7.97,Private,Other,1951250
G0180,109269,1.15,Government,Engineer,2116304
G0181,56336,4.21,Private,Other,1405360
G0182,53228,8.87,Government,Engineer,3690047
G0183,74090,2.82,Private,Businessman,1304900
G0184,24175,8.89,Government,Businessman,2827650
G0185,84564,2.35,Private,CA,1512985
G0186,90677,5.84,Private,Doctor,2697201
G0187,120235,1.97,Government,Doctor,2713795
G0188,81320,5.14,Private,Engineer,2209440
G0189,106212,5.05,Government,Other,2900968
G0190,35595,3.13,Private,Engineer,1178340
G0191,101818,4.55,Government,Teacher,2699452
G0192,116604,2.03,Private,CA,1807845
G0193,30837,4.88,Government,Teacher,1798118
G0194,63294,5.72,Government,CA,2754256
G0195,72784,3.51,Government,Doctor,2430728
G0196,141857,1.16,Government,Engineer,2640912
G0197,51342,5.44,Private,Businessman,1601420
G0198,51821,0.87,Private,Doctor,899873
G0199,29128,4.16,Government,CA,1741083
G0200,68858,3.68,Government,Engineer,2279328
G0201,143386,2.75,Government,Teacher,2777404
G0202,128414,4.08,Private,Businessman,2100140
G0203,134308,0.17,Government,Teacher,1927911
G0204,96594,3.64,Government,Engineer,2710304
G0205,62565,9.86,Government,Teacher,3636710
G0206,114018,9.11,Private,Teacher,2962180
G0207,131694,8.39,Government,Other,4192915
G0208,137406,8.04,Private,Engineer,3578472
G0209,146645,5.18,Private,Engineer,3002940
G0210,125373,0.01,Government,Businessman,1758022
G0211,28517,4.86,Private,Teacher,1257170
G0212,113259,3.31,Private,Other,1794590
G0213,58550,7.83,Private,Businessman,2151500
G0214,68502,3.42,Government,Teacher,1916627
G0215,134993,2.68,Government,Doctor,3206081
G0216,135692,2.05,Private,CA,2031957
G0217,27064,3.59,Government,Teacher,1384096
G0218,111469,1.84,Government,Lawyer,2224035
G0219,146142,0.69,Government,CA,2479100
G0220,75822,8.52,Private,Lawyer,2708442
G0221,51348,4.33,Private,Other,1379480
G0222,119930,5.11,Private,Doctor,2887690
G0223,121101,2.88,Private,Other,1787010
G0224,54868,6.25,Government,CA,2787953
G0225,22010,5.94,Government,Teacher,1971339
G0226,141772,8.82,Government,Doctor,5408924
G0227,101534,8.54,Government,CA,4221176
G0228,77723,8.42,Private,Doctor,3199599
G0229,55368,1.14,Government,Teacher,1094352
G0230,89441,6.87,Government,Teacher,3175774
G0231,103063,0.63,Private,Lawyer,1272293
G0232,129198,2.07,Government,CA,2644268
G0233,25349,8.49,Government,Businessman,2732086
G0234,101148,9.01,Government,Doctor,4782916
G0235,84160,6.6,Government,Businessman,3026240
G0236,133105,5.01,Private,Lawyer,2566355
G0237,77525,2.04,Private,Doctor,1538225
G0238,126655,2.7,Private,Other,1806550
G0239,124708,5.42,Private,CA,2680742
G0240,56843,0.35,Government,Engineer,1021487
G0241,143911,6.97,Private,Engineer,3399732
G0242,66248,7.54,Private,Other,2170480
G0243,52096,9.29,Private,Businessman,2378960
G0244,133509,2.37,Government,Engineer,2894543
G0245,119155,9.53,Government,Teacher,4336570
G0246,146970,7.07,Government,CA,4469734
G0247,85006,7.83,Private,Businessman,2416060
G0248,88841,2.81,Government,CA,2248135
G0249,62999,8.69,Government,Engineer,3788783
G0250,32062,8.34,Government,Engineer,3181791
G0251,89177,8.5,Government,Businessman,3628478
G0252,48468,3.61,Private,Businessman,1206680
G0253,133584,7.0,Government,Doctor,4650928
G0254,40836,6.21,Government,CA,2558057
G0255,31256,5.58,Government,CA,2214267
G0256,123499,6.18,Private,Doctor,3212287
G0257,51400,4.46,Private,Businessman,1406000
G0258,139338,9.66,Private,Other,3325380
G0259,62778,7.16,Private,Other,2059780
G0260,90643,2.7,Private,Lawyer,1591073
G0261,136363,9.13,Private,Engineer,3827556
G0262,57306,1.52,Private,Lawyer,964766
G0263,41393,2.46,Government,Engineer,1449487
G0264,47855,3.5,Government,Engineer,1885679
G0265,58001,1.36,Government,Other,1192814
G0266,59165,1.5,Government,Doctor,1515805
G0267,142481,8.91,Private,Businessman,3206810
G0268,67627,1.78,Government,Businessman,1445178
G0269,94126,0.72,Private,Teacher,1085260
G0270,85434,5.69,Government,Businessman,2789276
G0271,105438,6.23,Private,Teacher,2300380
G0272,138763,0.08,Government,Doctor,2386171
G0273,36721,8.01,Government,CA,3052275
G0274,42702,7.71,Private,Businessman,1969020
G0275,142130,1.21,Government,Teacher,2328620
G0276,30178,7.48,Government,Other,2516892
G0277,62453,6.48,Government,Businessman,2688742
G0278,52859,9.01,Private,Businessman,2330590
G0279,126452,1.1,Government,Other,2078327
G0280,46382,6.63,Government,Teacher,2505748
G0281,64599,6.61,Government,Lawyer,2951985
G0282,135716,3.07,Government,Lawyer,2956740
G0283,56507,0.52,Government,Businessman,936697
G0284,58326,4.56,Private,Lawyer,1644786
G0285,79294,6.91,Government,Other,3044916
G0286,30496,3.84,Government,Other,1502144
G0287,123473,4.66,Government,Teacher,3033422
G0288,38479,4.15,Private,Lawyer,1336269
G0289,75442,2.61,Government,CA,1978450
G0290,130247,7.91,Private,Other,2884470
G0291,27633,8.12,Private,CA,2185379
G0292,109532,0.46,Private,Engineer,1424784
G0293,51794,2.11,Government,Other,1315916
G0294,112603,1.97,Private,Other,1520030
G0295,93634,3.23,Private,Lawyer,1740574
G0296,101305,1.97,Government,Lawyer,2110575
G0297,22520,0.24,Government,Teacher,382480
G0298,34705,3.96,Private,Lawyer,1252955
G0299,51885,4.21,Private,CA,1564977
G0300,129308,9.1,Private,Engineer,3735696
G0301,87467,4.84,Private,Teacher,1842670
G0302,57799,1.75,Private,Engineer,1113588
G0303,130537,5.61,Private,Other,2427370
G0304,146600,3.92,Private,Lawyer,2475000
G0305,33576,9.13,Private,CA,2486024
G0306,30215,0.72,Private,Doctor,579995
G0307,149657,9.33,Private,Other,3362570
G0308,70974,3.11,Private,Engineer,1598088
G0309,108036,6.6,Private,Engineer,2880432
G0310,132727,7.66,Private,Teacher,2859270
G0311,118891,1.19,Private,CA,1640946
G0312,32425,7.57,Private,CA,2113987
G0313,26683,7.86,Private,CA,2114654
G0314,142390,3.19,Government,Teacher,2886660
G0315,141068,3.65,Private,Other,2140680
G0316,110668,0.13,Government,Doctor,1925556
G0317,20489,1.39,Government,Businessman,676046
G0318,125753,9.24,Private,Engineer,3726636
G0319,82354,0.68,Private,CA,1103471
G0320,27328,0.51,Private,Engineer,450336
G0321,100477,7.89,Private,Businessman,2582770
G0322,52509,8.26,Government,Other,3047926
G0323,47746,0.05,Private,Engineer,584952
G0324,67793,8.78,Government,Lawyer,3650895
G0325,61647,3.93,Private,Engineer,1682964
G0326,20525,5.41,Private,Teacher,1287250
G0327,53090,2.68,Private,Engineer,1280280
G0328,142224,9.59,Government,Other,4676336
G0329,30676,8.74,Government,Engineer,3287615
G0330,101701,1.25,Private,Teacher,1267010
G0331,115302,2.32,Government,Teacher,2263828
G0332,141658,4.04,Private,Engineer,2669496
G0333,81728,6.35,Private,Other,2087280
G0334,62444,1.35,Private,Lawyer,983884
G0335,48130,5.28,Private,Other,1537300
G0336,93375,0.28,Private,Doctor,1286675
G0337,119437,8.93,Private,Engineer,3576444
G0338,139196,5.91,Government,Teacher,3603544
G0339,33928,3.12,Private,Engineer,1155936
G0340,83431,4.99,Private,CA,2107156
G0341,146014,6.79,Private,Other,2818140
G0342,99671,4.15,Government,Lawyer,2740065
G0343,135585,2.02,Private,Lawyer,1935835
G0344,87114,3.17,Government,Teacher,2107196
G0345,114687,4.4,Private,CA,2330900
G0346,127117,8.2,Government,Other,4075637
G0347,59174,3.88,Government,Other,1914835
G0348,119268,3.06,Private,Lawyer,1985148
G0349,117476,8.26,Government,Lawyer,4240140
G0350,142183,0.86,Government,Businessman,2231362
G0351,113700,9.18,Private,Lawyer,3270300
G0352,61747,0.9,Private,Doctor,1036711
G0353,123456,0.23,Private,Businessman,1280560
G0354,117456,5.76,Private,Engineer,2791872
G0355,136711,4.76,Private,Doctor,3014843
G0356,28616,6.66,Private,Engineer,1941792
G0357,37331,8.75,Private,Teacher,2123310
G0358,43044,2.79,Private,Engineer,1186128
G0359,93081,2.29,Government,Doctor,2360977
G0360,75687,6.61,Private,Doctor,2702531
G0361,135484,5.79,Government,Engineer,4020543
G0362,78475,5.23,Private,Engineer,2196900
G0363,34816,1.04,Private,Businessman,556160
G0364,30396,4.8,Private,CA,1453554
G0365,47982,3.09,Government,Lawyer,1646730
G0366,144217,3.17,Government,Doctor,3529489
G0367,108819,2.48,Private,Other,1584190
G0368,126459,2.88,Government,Other,2576826
G0369,50198,2.07,Government,Doctor,1557166
G0370,64379,8.21,Government,Doctor,3885843
G0371,110520,4.41,Private,CA,2285280
G0372,44926,0.61,Private,Doctor,742638
G0373,114428,6.06,Government,Businessman,3298792
G0374,39901,4.38,Government,Other,1785014
G0375,146027,5.11,Private,CA,2854610
G0376,133919,8.13,Private,Doctor,3854747
G0377,64879,6.36,Government,Businessman,2689106
G0378,98419,1.02,Private,Lawyer,1307009
G0379,76311,9.91,Private,Teacher,2745110
G0380,134242,4.98,Government,Lawyer,3507630
G0381,108564,2.59,Private,Lawyer,1764004
G0382,36615,1.58,Government,Businessman,955009
G0383,20327,5.35,Government,Other,1782578
G0384,41473,1.99,Private,Businessman,812730
G0385,120084,1.24,Government,Teacher,2028375
G0386,59384,2.16,Government,Doctor,1743928
G0387,73566,9.82,Government,Engineer,4319456
G0388,141649,9.14,Government,Other,4542286
G0389,45477,6.01,Private,Engineer,1988124
G0390,141865,1.56,Private,CA,1990247
G0391,72438,1.62,Private,Teacher,1048380
G0392,96414,9.7,Private,Businessman,2904140
G0393,50314,9.92,Private,Other,2487140
G0394,109061,3.91,Government,Other,2621654
G0395,104955,6.78,Government,Other,3367770
G0396,93133,2.45,Government,Businessman,1989861
G0397,112000,3.73,Government,Doctor,3172200
G0398,33842,5.13,Government,Lawyer,2046630
G0399,131505,9.63,Government,Other,4537470
G0400,93502,5.49,Private,Other,2033020
G0401,72516,1.09,Government,Engineer,1509055
G0402,104313,5.41,Private,Lawyer,2337643
G0403,137282,0.36,Government,CA,2239470
G0404,108584,2.69,Private,Engineer,1948608
G0405,122326,6.58,Government,Engineer,4062815
G0406,27576,4.06,Private,Teacher,1087760
G0407,76883,1.61,Private,CA,1254454
G0408,30857,8.86,Private,Doctor,2704741
G0409,66055,5.93,Private,Doctor,2400515
G0410,35577,7.72,Government,Engineer,3039631
G0411,63886,1.36,Private,Other,910860
G0412,48344,7.05,Government,Engineer,3029503
G0413,69910,4.71,Government,Engineer,2625760
G0414,117085,3.22,Private,Other,1814850
G0415,26050,2.2,Government,Lawyer,1050750
G0416,114646,4.65,Private,Teacher,2076460
G0417,116914,3.04,Private,Teacher,1777140
G0418,46431,9.87,Government,Other,3413634
G0419,123518,8.8,Private,Businessman,2995180
G0420,84035,9.15,Government,Lawyer,4005525
G0421,108887,7.35,Government,CA,3966248
G0422,101987,9.62,Private,Teacher,2943870
G0423,77871,8.57,Government,Engineer,3988335
G0424,96475,5.65,Private,Other,2094750
G0425,102646,0.67,Private,Other,1160460
G0426,74612,1.61,Private,Teacher,1068120
G0427,105441,0.31,Government,Doctor,1897897
G0428,119947,7.11,Private,Teacher,2621470
G0429,25160,7.65,Government,Other,2494240
G0430,39451,2.09,Government,Engineer,1300016
G0431,120352,3.63,Government,Teacher,2701328
G0432,90921,1.42,Private,Doctor,1551173
G0433,86495,3.51,Government,Lawyer,2350425
G0434,146109,8.89,Government,Engineer,5182544
G0435,25439,7.41,Private,Doctor,2257307
G0436,121059,3.51,Private,Lawyer,2103849
G0437,99232,1.03,Private,Other,1198320
G0438,108219,7.68,Private,Businessman,2618190
G0439,70975,7.8,Government,Doctor,3858575
G0440,40986,4.95,Government,Engineer,2239776
G0441,144287,2.66,Private,Engineer,2369844
G0442,106298,4.56,Private,Other,1974980
G0443,130021,4.77,Private,Teacher,2254210
G0444,60087,3.99,Government,Other,1958417
G0445,30412,5.59,Government,Teacher,1990967
G0446,68715,6.43,Government,Doctor,3354355
G0447,97523,0.18,Government,CA,1567406
G0448,127288,5.93,Government,Doctor,4180096
G0449,55736,7.4,Government,Businessman,2852304
G0450,102670,2.65,Private,Lawyer,1712370
G0451,28873,2.51,Private,Lawyer,869803
G0452,72560,9.65,Private,Teacher,2655600
G0453,46034,9.44,Government,Teacher,3287676
G0454,21799,0.55,Private,Teacher,327990
G0455,46879,4.11,Government,Other,1807106
G0456,119844,7.87,Government,Lawyer,4158660
G0457,133188,7.48,Private,Businessman,2827880
G0458,58513,0.88,Government,CA,1179751
G0459,37460,0.92,Government,Other,782040
G0460,145243,6.61,Government,Teacher,3884201
G0461,50063,5.92,Government,Engineer,2695408
G0462,136858,7.08,Government,CA,4316098
G0463,111801,7.52,Government,Businessman,3670813
G0464,124733,9.86,Private,CA,3702229
G0465,131159,4.81,Private,Teacher,2273590
G0466,52472,6.29,Government,Doctor,3030624
G0467,118092,3.83,Government,Doctor,3309764
G0468,81265,2.83,Private,Businessman,1378650
G0469,37665,1.65,Private,CA,812647
G0470,129831,6.61,Private,Engineer,3144372
G0471,25866,0.64,Government,Businessman,541324
G0472,43147,6.4,Government,Engineer,2738352
G0473,40444,9.89,Government,Lawyer,3573660
G0474,118814,5.76,Private,Doctor,3042182
G0475,83099,4.78,Private,Doctor,2323087
G0476,48978,4.88,Private,Businessman,1465780
G0477,91270,3.56,Private,Teacher,1624700
G0478,130893,5.25,Government,Lawyer,3538395
G0479,90783,7.52,Government,CA,3738336
G0480,106699,9.67,Government,Lawyer,4501485
G0481,131159,4.84,Private,CA,2621528
G0482,47153,4.53,Private,Businessman,1377530
G0483,87725,2.14,Private,Businessman,1305250
G0484,106710,7.53,Private,Businessman,2573100
G0485,85267,4.97,Government,CA,2862338
G0486,49194,8.75,Government,Businessman,3138716
G0487,22612,6.13,Private,Lawyer,1597332
G0488,56706,7.75,Private,Teacher,2117060
G0489,122084,6.43,Government,Engineer,4010943
G0490,90886,8.22,Private,Engineer,3063432
G0491,146819,0.57,Private,Lawyer,1740409
G0492,84848,4.06,Private,Lawyer,1826528
G0493,27868,7.16,Private,Doctor,2223884
G0494,62345,2.74,Government,Engineer,1874319
G0495,51345,8.52,Government,Businessman,3104430
G0496,141779,5.25,Private,Doctor,3208127
G0497,41726,0.59,Government,Teacher,749364
G0498,63659,7.65,Private,Lawyer,2383249
G0499,55653,7.37,Government,Businessman,2842742
G0500,42452,8.47,Government,Doctor,3601484
G0501,74083,8.57,Government,Engineer,3927727
G0502,127875,7.82,Government,Businessman,3979849
G0503,24318,5.61,Private,Engineer,1638216
G0504,100770,1.79,Private,Businessman,1365700
G0505,93270,0.41,Private,Businessman,1014700
G0506,79207,2.96,Private,Doctor,1799291
G0507,53282,7.8,Private,Engineer,2511384
G0508,60322,1.63,Government,Lawyer,1393830
G0509,65001,9.0,Government,Teacher,3430014
G0510,53592,6.72,Private,Other,1879920
G0511,69145,4.87,Government,Teacher,2331630
G0512,78100,3.8,Private,Lawyer,1695100
G0513,141432,6.23,Government,Businessman,3724447
G0514,136875,2.9,Private,Doctor,2533375
G0515,108537,2.59,Private,Teacher,1603370
G0516,104332,2.06,Government,CA,2255745
G0517,139764,9.86,Government,CA,5222941
G0518,49699,1.36,Government,Other,1076586
G0519,136984,2.19,Government,Businessman,2530976
G0520,65839,7.23,Government,Lawyer,3156585
G0521,132339,5.78,Government,Teacher,3471146
G0522,96089,1.21,Government,Engineer,1924623
G0523,95234,2.67,Private,Businessman,1486340
G0524,126622,3.5,Private,Engineer,2359464
G0525,52792,8.27,Private,Lawyer,2400112
G0526,52506,6.23,Private,Other,1771060
G0527,57553,1.49,Private,Businessman,873530
G0528,123081,7.21,Government,Teacher,3741933
G0529,96431,0.11,Government,Businessman,1380834
G0530,91724,7.96,Government,Lawyer,3763860
G0531,113446,4.79,Government,Doctor,3557182
G0532,104341,0.38,Government,Lawyer,1679115
G0533,26425,8.05,Private,Other,1874250
G0534,38899,5.52,Private,Teacher,1492990
G0535,57986,5.85,Government,Other,2449804
G0536,104707,8.43,Government,Other,3826297
G0537,144502,2.18,Government,Businessman,2633428
G0538,69292,3.24,Government,CA,2078425
G0539,141267,0.95,Government,Teacher,2243738
G0540,109067,2.57,Private,Businessman,1604670
G0541,135577,3.01,Private,Teacher,1957770
G0542,117141,7.37,Private,CA,3042221
G0543,116753,8.37,Private,Teacher,2841530
G0544,79026,6.6,Private,Doctor,2743338
G0545,106288,0.0,Private,Businessman,1062880
G0546,55653,0.13,Private,Lawyer,640783
G0547,72827,4.14,Private,Lawyer,1711897
G0548,148532,9.15,Government,Teacher,4641448
G0549,35819,4.25,Government,CA,1872694
G0550,110813,2.95,Private,Other,1698130
G0551,52522,6.72,Private,Doctor,2429986
G0552,62190,6.67,Private,Lawyer,2151490
G0553,130822,4.08,Government,CA,3292540
G0554,102204,5.0,Private,Engineer,2426448
G0555,132915,8.05,Government,Lawyer,4408725
G0556,124049,6.09,Government,Lawyer,3687735
G0557,117910,8.78,Government,Doctor,4989670
G0558,82951,8.7,Private,Lawyer,2826461
G0559,93451,2.45,Private,Businessman,1424510
G0560,86232,4.89,Private,Engineer,2208384
G0561,82598,8.89,Private,Engineer,3124776
G0562,49631,9.11,Government,Teacher,3245634
G0563,144327,3.78,Government,CA,3408868
G0564,63920,3.73,Government,Other,1939279
G0565,118855,1.54,Government,Other,2095169
G0566,72971,6.51,Government,CA,3149150
G0567,118838,0.54,Government,Businessman,1814932
G0568,97691,8.9,Private,Teacher,2756910
G0569,112104,8.87,Private,Other,2895040
G0570,39755,3.17,Government,Engineer,1650479
G0571,61559,3.03,Government,Businessman,1710226
G0572,116526,4.02,Government,Other,2756964
G0573,141045,4.94,Government,Other,3357830
G0574,125231,4.98,Private,Businessman,2248310
G0575,34127,2.23,Government,Teacher,1102178
G0576,21190,4.38,Private,Lawyer,1196690
G0577,91819,9.75,Government,CA,4445694
G0578,68348,3.2,Private,Teacher,1323480
G0579,34498,2.26,Private,CA,916526
G0580,23380,3.91,Government,CA,1574489
G0581,93293,9.21,Government,Doctor,4717381
G0582,45998,8.01,Private,CA,2371277
G0583,134870,9.45,Government,Teacher,4534180
G0584,97514,5.95,Government,CA,3355966
G0585,137636,3.46,Government,Doctor,3516212
G0586,90303,1.91,Government,Engineer,2056047
G0587,52627,7.05,Government,Teacher,2710778
G0588,91803,9.9,Private,CA,3332734
G0589,96613,2.6,Private,Teacher,1486130
G0590,147806,8.77,Government,CA,5009692
G0591,139037,2.77,Government,Engineer,3110991
G0592,146638,7.33,Government,Doctor,4985046
G0593,125191,5.18,Private,Engineer,2745492
G0594,138892,8.8,Government,Doctor,5353164
G0595,24502,1.19,Government,Businessman,676228
G0596,20977,0.29,Government,Other,374878
G0597,50585,3.97,Government,CA,2014767
G0598,90230,2.15,Government,Businessman,1865219
G0599,141758,2.53,Government,Businessman,2693012
G0600,112515,4.21,Government,Businessman,2754010
G0601,79635,9.73,Government,CA,4250642
G0602,31611,8.41,Private,Lawyer,2197921
G0603,147586,2.6,Government,Businessman,2794204
G0604,59505,6.88,Private,Doctor,2562365
G0605,51783,9.1,Government,Teacher,3272962
G0606,52656,6.31,Private,Engineer,2146272
G0607,114174,4.86,Government,Lawyer,3170610
G0608,46805,5.87,Private,Other,1642050
G0609,89022,5.67,Government,Businessman,2833908
G0610,42039,3.01,Private,Doctor,1329107
G0611,140524,1.5,Private,Teacher,1705240
G0612,71618,3.92,Government,Businessman,2100252
G0613,27115,3.51,Government,CA,1508382
G0614,76453,4.66,Private,CA,1951009
G0615,55947,3.57,Government,Lawyer,1910205
G0616,90326,3.18,Government,Businessman,2154964
G0617,74015,5.47,Government,Engineer,2934639
G0618,47512,7.06,Private,Engineer,2264544
G0619,109944,8.94,Government,CA,4475531
G0620,21217,1.5,Government,Other,717038
G0621,34760,4.27,Private,Businessman,1201600
G0622,146856,8.6,Private,CA,3666843
G0623,51312,0.66,Government,Teacher,903168
G0624,128262,8.22,Government,Engineer,4682592
G0625,90653,7.37,Private,Businessman,2380530
G0626,50989,1.43,Government,Businessman,1114246
G0627,121693,3.47,Government,Teacher,2675302
G0628,120758,5.08,Government,Teacher,3113012
G0629,26308,0.42,Government,CA,537973
G0630,51354,1.26,Government,Businessman,1071756
G0631,149773,0.38,Government,Teacher,2203222
G0632,53666,8.79,Government,Other,3212524
G0633,129861,1.42,Private,Engineer,1899132
G0634,45258,9.43,Private,Doctor,3040154
G0635,134152,7.94,Private,Lawyer,3222472
G0636,46447,0.65,Government,Businessman,832258
G0637,139273,1.31,Government,Businessman,2316622
G0638,111864,2.49,Government,Other,2263296
G0639,144569,6.45,Government,CA,4240319
G0640,43350,5.37,Government,Other,2110500
G0641,28676,8.14,Private,Doctor,2489188
G0642,44188,1.77,Private,Lawyer,875468
G0643,62023,2.87,Government,Other,1671922
G0644,68567,2.31,Government,Doctor,1951039
G0645,93378,9.26,Private,Engineer,3342936
G0646,84999,7.81,Private,Teacher,2411990
G0647,94247,2.06,Private,Other,1354470
G0648,42854,0.75,Private,Other,578540
G0649,84137,3.92,Private,Lawyer,1787907
G0650,134961,3.58,Private,CA,2375451
G0651,71041,1.66,Private,Lawyer,1146651
G0652,140681,2.97,Government,Doctor,3401377
G0653,47627,0.29,Government,Businessman,747978
G0654,28197,6.68,Government,CA,2507853
G0655,34363,5.5,Private,Doctor,1876719
G0656,75661,1.79,Government,Teacher,1560454
G0657,48446,2.89,Government,Teacher,1487444
G0658,126146,9.45,Private,CA,3624178
G0659,84230,5.73,Government,Teacher,2783620
G0660,129114,3.24,Private,Doctor,2520882
G0661,118451,6.8,Private,Businessman,2544510
G0662,104408,4.83,Private,CA,2311592
G0663,80544,4.69,Government,Other,2440816
G0664,92884,4.21,Private,Businessman,1770840
G0665,52117,9.47,Government,Engineer,3864271
G0666,60666,7.04,Government,CA,3122722
G0667,93993,7.6,Government,Doctor,4181881
G0668,103508,0.89,Private,Doctor,1577004
G0669,92324,6.07,Private,Engineer,2564688
G0670,97641,5.22,Government,Doctor,3434697
G0671,70911,7.37,Government,Engineer,3492975
G0672,101694,4.43,Government,Doctor,3234998
G0673,26664,2.2,Government,CA,1095291
G0674,88798,4.76,Private,Lawyer,2023978
G0675,95996,2.02,Private,Other,1363960
G0676,146302,5.51,Private,Other,2565020
G0677,138975,7.05,Government,Teacher,3919649
G0678,97217,2.67,Government,Engineer,2409872
G0679,85918,7.11,Government,Teacher,3193652
G0680,72134,6.51,Private,Other,2023340
G0681,34607,1.76,Private,Doctor,907491
G0682,115473,3.38,Private,Businessman,1830730
G0683,78829,0.85,Private,Engineer,1149948
G0684,34597,7.33,Private,CA,2083765
G0685,85275,8.3,Private,Engineer,3015300
G0686,72753,4.32,Private,Other,1591530
G0687,34835,8.62,Government,Lawyer,3108524
G0688,122843,0.28,Government,Teacher,1798202
G0689,139787,9.04,Government,CA,4969098
G0690,133535,7.86,Government,Other,4070289
G0691,89718,2.2,Government,Engineer,2139488
G0692,23514,5.96,Private,CA,1641210
G0693,132787,0.93,Government,CA,2346498
G0694,29835,8.13,Private,Teacher,1924350
G0695,37037,6.69,Private,Lawyer,1879207
G0696,148835,2.16,Private,Teacher,1920350
G0697,42874,2.54,Private,Teacher,936740
G0698,37427,2.64,Private,Doctor,1172951
G0699,35662,6.39,Government,Teacher,2288468
G0700,125828,8.55,Government,Other,4155591
G0701,28959,0.43,Private,Lawyer,413149
G0702,29237,4.54,Private,Teacher,1200370
G0703,116623,3.75,Private,Businessman,1916230
G0704,118154,5.05,Private,CA,2520271
G0705,64168,9.18,Private,Other,2477680
G0706,90931,9.01,Government,Engineer,4338096
G0707,135341,2.59,Government,CA,2900685
G0708,39065,8.13,Private,Other,2016650
G0709,90823,7.79,Private,Lawyer,2712853
G0710,39533,3.91,Private,Engineer,1412796
G0711,145059,6.79,Private,Lawyer,3089449
G0712,20351,3.15,Government,Teacher,1166914
G0713,29512,8.2,Government,Teacher,2709167
G0714,39972,0.28,Government,Engineer,729151
G0715,71541,4.48,Private,Doctor,2094833
G0716,88784,5.2,Government,Doctor,3277328
G0717,114344,1.76,Government,Engineer,2392704
G0718,138879,9.26,Private,Teacher,3240790
G0719,85952,3.84,Private,Teacher,1627520
G0720,131300,6.96,Government,Businessman,3786999
G0721,92403,4.2,Private,Teacher,1764030
G0722,70926,3.04,Government,CA,2041752
G0723,47448,8.37,Private,Businessman,2148480
G0724,148815,3.17,Government,CA,3289332
G0725,39212,4.23,Private,Other,1238120
G0726,83078,5.99,Private,Doctor,2637414
G0727,102736,6.97,Private,Businessman,2421360
G0728,40870,3.0,Private,CA,1160005
G0729,108871,7.83,Government,Teacher,3716593
G0730,104770,1.77,Government,Lawyer,2102550
G0731,124775,5.28,Private,CA,2649312
G0732,31498,5.12,Government,Lawyer,2008470
G0733,137909,4.23,Government,Doctor,3782653
G0734,33472,7.3,Private,Businessman,1794720
G0735,102973,6.17,Private,Doctor,2942849
G0736,134842,6.73,Private,Teacher,2694420
G0737,101555,6.91,Government,Lawyer,3596325
G0738,130580,9.65,Government,Doctor,5500860
G0739,23472,9.4,Private,Engineer,2537664
G0740,102626,9.95,Government,CA,4675202
G0741,62817,4.11,Private,CA,1667695
G0742,115658,5.93,Private,Lawyer,2576838
G0743,93793,2.06,Government,Other,1889901
G0744,71958,3.3,Government,Doctor,2345286
G0745,94323,2.73,Government,Engineer,2382768
G0746,71366,6.51,Government,Doctor,3426622
G0747,103357,5.26,Private,Doctor,2711241
G0748,25698,1.88,Government,Other,886172
G0749,74009,0.94,Private,Businessman,928090
G0750,96026,2.72,Government,CA,2331602
G0751,74919,9.66,Private,Engineer,3217428
G0752,30515,5.52,Government,Businessman,1972809
G0753,97605,4.03,Government,Doctor,3029485
G0754,99611,6.32,Private,Other,2260110
G0755,33056,2.47,Private,Engineer,989472
G0756,140456,1.67,Government,Engineer,2781696
G0757,149737,1.75,Government,Doctor,3140529
G0758,96698,0.28,Private,Engineer,1227576
G0759,107294,2.39,Private,Teacher,1550940
G0760,63591,2.16,Government,Teacher,1495074
G0761,32059,1.17,Private,CA,637778
G0762,26718,6.52,Government,Engineer,2513888
G0763,127222,2.83,Private,Other,1838220
G0764,119751,3.69,Government,Businessman,2709714
G0765,60040,2.18,Private,Doctor,1347320
G0766,146528,2.27,Government,Other,2686992
G0767,75934,3.71,Government,Teacher,2101876
G0768,74287,6.16,Government,Doctor,3357279
G0769,21871,8.89,Government,Lawyer,2995065
G0770,141130,8.29,Government,Doctor,5217810
G0771,25470,2.08,Private,Other,670700
G0772,53899,3.6,Government,Engineer,2014383
G0773,139643,0.93,Government,Doctor,2690131
G0774,145947,8.0,Private,Teacher,3059470
G0775,147167,9.73,Government,Teacher,4784738
G0776,115876,5.07,Government,Businessman,3041864
G0777,114056,7.87,Private,Doctor,3528928
G0778,117059,5.46,Government,Engineer,3620143
G0779,131253,8.89,Private,Engineer,3708636
G0780,84093,9.22,Private,Lawyer,2953423
G0781,61918,2.11,Government,CA,1613828
G0782,115654,6.7,Private,Engineer,2995848
G0783,42351,3.41,Government,Lawyer,1658265
G0784,90456,3.85,Government,Teacher,2344384
G0785,20664,9.43,Government,Doctor,3557488
G0786,21707,3.9,Government,CA,1545458
G0787,69177,2.11,Private,Teacher,1113770
G0788,92596,4.92,Private,Engineer,2291952
G0789,107360,1.06,Private,Lawyer,1414160
G0790,103012,1.18,Private,Businessman,1266120
G0791,133602,0.38,Private,Doctor,1835626
G0792,99687,7.82,Government,Businessman,3585218
G0793,41655,0.9,Government,Engineer,954479
G0794,105059,0.47,Private,Lawyer,1259049
G0795,101666,4.86,Government,Other,2784124
G0796,31206,9.88,Private,Businessman,2288060
G0797,81379,7.97,Private,Businessman,2407790
G0798,56299,0.56,Government,Doctor,1147483
G0799,64759,7.81,Government,Lawyer,3314385
G0800,114700,8.0,Private,Other,2747000
G0801,59104,7.79,Government,CA,3331011
G0802,117840,4.29,Private,Businessman,2036400
G0803,70633,4.66,Private,Lawyer,1802163
G0804,98887,1.11,Private,Doctor,1574131
G0805,130433,9.59,Private,Doctor,4189029
G0806,49589,1.69,Private,Doctor,1084057
G0807,56441,2.0,Government,Teacher,1350174
G0808,59656,4.01,Private,CA,1608343
G0809,71785,6.83,Government,Businessman,2917390
G0810,68032,5.86,Private,Businessman,1852320
G0811,130162,9.89,Government,CA,5083410
G0812,35576,8.7,Private,Other,2095759
G0813,54476,7.38,Private,CA,2323874
G0814,88288,4.05,Private,Engineer,2031456
G0815,73651,2.39,Government,Doctor,2064667
G0816,22683,5.26,Government,CA,1982186
G0817,143633,0.05,Government,Lawyer,2169495
G0818,133033,7.31,Government,Doctor,4746961
G0819,145239,6.26,Private,Engineer,3245268
G0820,25590,3.36,Government,Engineer,1484639
G0821,25790,6.41,Government,Lawyer,2309850
G0822,32398,9.68,Private,Teacher,2259980
G0823,25360,9.71,Government,Businessman,3073840
G0824,78157,2.45,Government,Teacher,1780198
G0825,24775,9.51,Government,CA,3332112
G0826,68082,2.4,Private,CA,1334943
G0827,81098,4.07,Government,Engineer,2599968
G0828,38987,0.2,Government,Engineer,687792
G0829,146616,9.16,Government,Engineer,5277056
G0830,89657,2.72,Private,Lawyer,1584627
G0831,26287,3.6,Private,CA,1130300
G0832,121378,2.23,Private,Other,1659780
G0833,48590,2.9,Private,Engineer,1279080
G0834,145186,1.59,Private,Businessman,1769860
G0835,52030,9.07,Private,Lawyer,2567730
G0836,127636,6.24,Private,Lawyer,2776796
G0837,119880,6.44,Government,Other,3481520
G0838,106484,8.93,Government,Doctor,4846428
G0839,129296,8.05,Private,Other,2902960
G0840,54090,2.34,Private,CA,1160235
G0841,47277,8.76,Government,Engineer,3559631
G0842,54891,1.15,Government,Lawyer,1168365
G0843,137573,4.54,Private,Other,2283730
G0844,42678,1.5,Private,CA,835796
G0845,119079,9.73,Private,Teacher,3136790
G0846,55408,0.43,Private,Lawyer,704088
G0847,54388,2.93,Government,Doctor,1920796
G0848,26926,1.62,Government,Other,830564
G0849,92631,5.44,Government,Teacher,2820034
G0850,147835,5.54,Private,Other,2586350
G0851,58313,0.06,Private,Teacher,595130
G0852,103533,6.65,Private,CA,2720129
G0853,49472,4.86,Private,Other,1466720
G0854,81740,3.44,Private,Engineer,1806480
G0855,94846,7.18,Government,CA,3695912
G0856,34340,0.25,Government,Doctor,668780
G0857,109012,7.46,Private,Other,2582120
G0858,121752,0.73,Private,Lawyer,1499872
G0859,99903,4.97,Government,Doctor,3388151
G0860,100691,4.53,Government,Doctor,3251947
G0861,122034,5.12,Government,Doctor,3815378
G0862,56982,8.82,Government,CA,3617420
G0863,132808,8.88,Government,Other,4345712
G0864,145784,0.95,Government,Other,2306976
G0865,32105,5.75,Private,Other,1471050
G0866,84408,2.87,Private,Other,1418080
G0867,83188,9.59,Private,Teacher,2749880
G0868,108526,3.95,Private,Teacher,1875260
G0869,138026,5.49,Private,CA,2849999
G0870,38661,1.08,Government,Engineer,964175
G0871,25811,8.21,Government,Lawyer,2850165
G0872,109021,3.51,Government,Doctor,3046757
G0873,126279,9.24,Government,Teacher,4355106
G0874,133105,4.62,Government,CA,3495327
G0875,57806,4.64,Private,CA,1731968
G0876,65686,7.28,Private,Doctor,2746718
G0877,52509,0.41,Private,Businessman,607090
G0878,148162,6.16,Private,Businessman,2713620
G0879,102351,2.78,Private,CA,1816436
G0880,87791,8.77,Government,CA,4079460
G0881,118548,0.28,Government,Teacher,1738072
G0882,40066,7.2,Private,Other,1840660
G0883,145245,9.62,Government,CA,5233497
G0884,20245,1.09,Private,Other,420450
G0885,23022,9.67,Private,Teacher,2164220
G0886,41918,6.72,Private,Doctor,2292134
G0887,73864,7.98,Government,Engineer,3735423
G0888,134960,1.74,Government,Other,2376640
G0889,116786,5.46,Private,Engineer,2711832
G0890,23814,6.02,Government,Businessman,2018995
G0891,66933,6.75,Government,Lawyer,3028995
G0892,130992,6.51,Private,Lawyer,2873112
G0893,87224,1.09,Private,CA,1253776
G0894,31278,2.92,Government,Teacher,1255492
G0895,146182,8.61,Government,CA,4934920
G0896,53108,7.05,Government,Engineer,3105727
G0897,124190,1.67,Government,CA,2442644
G0898,132905,3.23,Private,Businessman,1975050
G0899,87656,3.51,Private,Engineer,1894272
G0900,148019,5.12,Government,Other,3505866
G0901,113077,4.1,Private,Doctor,2536001
G0902,74083,3.3,Government,CA,2171286
G0903,66574,3.39,Private,Teacher,1343740
G0904,95457,8.93,Government,Doctor,4658969
G0905,147295,2.26,Private,Engineer,2309940
G0906,118000,7.54,Government,Teacher,3763199
G0907,73727,8.41,Government,Doctor,4112759
G0908,37337,0.44,Private,CA,530575
G0909,112182,0.33,Government,Other,1662948
G0910,79526,2.66,Private,Businessman,1327260
G0911,126758,1.92,Private,Businessman,1651580
G0912,72810,7.0,Private,Engineer,2553720
G0913,74959,0.86,Private,CA,1059828
G0914,93965,7.05,Private,Other,2349650
G0915,75448,8.18,Government,Other,3346672
G0916,118875,9.23,Private,Lawyer,3338225
G0917,129198,2.0,Government,Lawyer,2537970
G0918,133697,3.24,Private,Lawyer,2183467
G0919,51807,9.03,Private,Lawyer,2556477
G0920,33521,1.96,Government,Doctor,1236257
G0921,95849,0.01,Private,CA,1104563
G0922,91650,8.48,Private,Engineer,3135000
G0923,107173,5.5,Government,Teacher,3040422
G0924,111541,7.69,Government,CA,4112785
G0925,83998,5.3,Private,Doctor,2469974
G0926,51487,7.36,Private,Teacher,1986870
G0927,102296,9.48,Government,Engineer,4670336
G0928,103271,5.52,Government,Businessman,2991394
G0929,70356,8.33,Private,Other,2369560
G0930,141947,8.41,Government,Doctor,5272499
G0931,102250,8.97,Private,Lawyer,3098150
G0932,97038,6.48,Private,Lawyer,2493018
G0933,95204,6.13,Government,Teacher,3049256
G0934,63275,9.72,Private,Teacher,2576750
G0935,20648,2.72,Government,Teacher,1050672
G0936,36361,6.34,Government,Businessman,2284254
G0937,125147,5.24,Private,Doctor,2989311
G0938,134422,0.51,Private,Teacher,1446220
G0939,110018,1.96,Government,Lawyer,2238270
G0940,75931,9.41,Private,Businessman,2641310
G0941,118980,6.33,Private,CA,2824170
G0942,106205,1.95,Private,CA,1669857
G0943,24985,2.56,Private,Businessman,761850
G0944,41730,8.33,Private,Other,2083300
G0945,86740,1.76,Private,Lawyer,1341340
G0946,42670,1.17,Government,CA,1024084
G0947,42742,3.96,Private,Doctor,1585246
G0948,41117,5.69,Private,Lawyer,1704087
G0949,92609,0.31,Government,Businessman,1383326
G0950,113871,9.26,Private,Teacher,2990710
G0951,87250,3.21,Private,CA,1741674
G0952,88959,2.59,Government,Other,1970625
G0953,111536,3.94,Private,Other,1903360
G0954,123435,4.97,Government,Doctor,3788195
G0955,132957,1.16,Private,Teacher,1561570
G0956,146814,4.89,Government,Engineer,3913823
G0957,100206,3.81,Government,Other,2469684
G0958,34614,7.7,Private,Businessman,1886140
G0959,98832,1.04,Government,Teacher,1674848
G0960,91811,7.38,Government,Teacher,3351754
G0961,55956,8.17,Government,Businessman,3070984
G0962,79001,7.37,Private,Engineer,2716812
G0963,52357,6.34,Private,CA,2060305
G0964,79732,3.38,Government,Teacher,2062647
G0965,101357,4.08,Private,Engineer,2195484
G0966,93207,4.45,Private,Teacher,1822070
G0967,25449,0.93,Private,CA,506563
G0968,102404,2.33,Government,Teacher,2086055
G0969,103162,7.85,Private,Other,2601620
G0970,141337,0.12,Private,CA,1652975
G0971,83115,1.33,Private,Teacher,1097150
G0972,115869,1.84,Private,Other,1526690
G0973,106598,5.01,Government,Other,2895172
G0974,57685,5.0,Private,Businessman,1576850
G0975,113963,6.52,Government,Businessman,3421082
G0976,113253,3.26,Private,Doctor,2319889
G0977,27107,4.53,Private,Businessman,1177070
G0978,56317,9.99,Government,Other,3585638
G0979,80213,7.2,Government,Other,3138982
G0980,41226,8.28,Government,Other,2895563
G0981,65364,4.94,Private,Teacher,1641640
G0982,21136,8.82,Private,Businessman,1975360
G0983,91955,7.04,Private,Lawyer,2560305
G0984,100451,9.66,Private,Engineer,3523812
G0985,132733,9.96,Private,Businessman,3319330
G0986,42548,7.2,Government,Lawyer,2798220
G0987,129276,0.6,Government,Other,1977863
G0988,90382,3.15,Government,CA,2377420
G0989,48043,5.75,Private,Other,1630430
G0990,109701,5.97,Government,CA,3551065
G0991,104453,0.25,Private,Engineer,1313436
G0992,103617,4.35,Government,Other,2668638
G0993,48247,2.08,Government,CA,1392628
G0994,149554,0.42,Private,Other,1579540
G0995,135640,8.78,Private,Lawyer,3423640
G0996,27557,7.96,Government,Teacher,2614598
G0997,132783,2.04,Government,Lawyer,2603745
G0998,43970,3.95,Government,CA,1906034
G0999,83369,4.12,Private,Engineer,1989228
G1000,135117,7.42,Private,Businessman,2835170
